"wmc","dit","noc","cbo","rfc","lcom","ca","ce","npm","lcom3","loc","dam","moa","mfa","cam","ic","cbm","amc","max_cc","avg_cc","bug","pred"
5,1,6,8,6,0,6,2,5,0.25,26,1,1,0,0.8,0,0,4,1,0.6,"0","0"
2,2,0,3,3,1,1,2,1,2,6,0,0,0.75,0.75,0,0,2,1,0.5,"0","0"
10,6,0,6,50,33,4,5,9,0.916666667,379,0.25,1,0.983539095,0.444444444,0,0,36.1,1,0.8,"1","1"
9,6,0,5,37,28,2,3,8,0.975,207,0.2,0,0.98556701,0.458333333,0,0,21.44444444,1,0.7778,"1","1"
25,2,0,22,57,242,9,14,25,0.93452381,404,0.857142857,0,0.368421053,0.195,1,2,14.6,2,1,"1","1"
8,6,0,2,11,28,1,1,8,2,29,0,0,0.98556701,0.625,0,0,2.625,1,0.875,"1","0"
3,2,0,8,19,3,1,7,3,2,114,0,0,0.6,0.555555556,1,1,37,2,1,"1","1"
12,5,5,8,13,64,7,1,11,0.909090909,26,1,1,0.976987448,0.416666667,0,0,1.083333333,1,0.9167,"1","1"
4,1,0,4,23,6,2,4,4,1.333333333,159,0,0,0,0.583333333,0,0,38.25,8,4.5,"1","0"
