"wmc","dit","noc","cbo","rfc","lcom","ca","ce","npm","lcom3","loc","dam","moa","mfa","cam","ic","cbm","amc","max_cc","avg_cc","bug","pred"
7,6,0,6,51,13,4,4,2,0.685185185,265,1,2,0.988558352,0.428571429,0,0,35.57142857,1,0.7143,"1","1"
8,6,0,7,46,18,5,5,3,0.693877551,227,1,2,0.98630137,0.325,0,0,26.5,1,0.75,"1","1"
5.36317023448646,6,0,4.02237767586485,37.3132874621078,6.68158511724323,2.68158511724323,3.02237767586485,1,0.687763349232842,205.232640165836,0.965920744137838,0.340792558621615,0.990019691792981,0.528399379771537,0,0,31.3145693172701,1,0.792599069827702,"0","0"
4,1,0,8,41,0,2,6,1,0.333333333,355,1,1,0,0.625,0,0,85.5,5,2,"1","0"
2.46286438964307,1,0.462864389643073,0.462864389643073,3.46286438964307,1.92572877928615,0.462864389643073,0,2.46286438964307,1,17.7599492724985,1,0,0,0.711427967684032,0,0,5.41711024660617,1,0.5771594937535,"0","0"
7,6,0,7,35,21,5,5,2,0.833333333,148,0.5,2,0.98630137,0.428571429,0,0,19.57142857,1,0.8571,"1","1"
8,6,0,7,46,18,5,5,3,0.693877551,227,1,2,0.98630137,0.325,0,0,26.5,1,0.75,"1","1"
