"wmc","dit","noc","cbo","rfc","lcom","ca","ce","npm","lcom3","loc","dam","moa","mfa","cam","ic","cbm","amc","max_cc","avg_cc","bug","pred"
11,1,0,12,11,55,12,0,11,2,11,0,0,0,0.515151515,0,0,0,1,1,"0","0"
15,6,0,7,49,73,3,6,1,0.863095238,424,0.916666667,2,0.978159126,0.355555556,0,0,26.46666667,3,1.6,"1","1"
5,1,0,2,19,0,0,2,5,0,86,1,0,0,0.466666667,0,0,16,2,1,"0","0"
4,1,0,2,6,0,2,1,4,0,69,0,1,0,0.583333333,0,0,16,2,1,"0","0"
13,1,0,8,36,0,3,5,10,0.765151515,375,0.545454545,3,0,0.461538462,0,0,27,7,2,"0","0"
1,1,0,0,2,0,0,0,1,2,4,0,0,0,1,0,0,3,0,0,"1","0"
10,1,0,14,11,3,14,0,10,0.666666667,72,1,0,0,0.533333333,0,0,5.8,1,0.8,"0","0"
8,1,0,1,14,0,0,1,8,0.619047619,66,1,1,0,0.458333333,0,0,6.875,1,0.875,"0","0"
